School,StateRank,Name,RivalsRanking,NationalRank,Height,Weight,FortyTime,Location,Stars,Year,Position,HighSchool,ImgURL,PostionRank
Brigham Young,Unranked,Curtis Brown,0.0,Unranked,"6'0""",185,4.50,"Lancaster, CA",Unevaluated,2002,RB,Paraclete,,Unranked
Brigham Young,Unranked,Daniel Coats,0.0,Unranked,"6'3""",212,4.73,"Layton, UT",Unevaluated,2002,ATH,Northridge,"<img src=""http://l.yimg.com/a/p/sp/r/db/dbb8d7ec551592931c63e310629b64d6/danielcoats.jpg"">",Unranked
Brigham Young,Unranked,Tyson Dunham,0.0,Unranked,"6'2""",190,0.00,"St. George, UT",Unevaluated,2002,,Dixie State C.C.,,Unranked
Brigham Young,Unranked,Jonathan Fanene,0.0,Unranked,"6'4""",260,4.90,"Santa Clarita, CA",Unevaluated,2002,DT,College of the Canyons,,Unranked
Brigham Young,Unranked,Ferron Fonoimoana,0.0,Unranked,"5'9""",175,4.50,"Kuhuku, HI",Unevaluated,2002,WR,,,Unranked
Brigham Young,Unranked,Paulo Fuaalii,0.0,Unranked,"6'2""",240,4.65,"Kearns, UT",Unevaluated,2002,LB,,,Unranked
Brigham Young,Unranked,Andrew George,0.0,Unranked,"6'5""",225,4.40,"Aurora, CO",Unevaluated,2002,TE,Cherry Creek,,67
Brigham Young,Unranked,Jonny Harline,0.0,Unranked,"6'4""",215,0.00,"Orem, UT",Unevaluated,2002,TE,Ricks JC,,Unranked
Brigham Young,Unranked,Nate Hutchinson,0.0,Unranked,"6'2""",180,0.00,"George, UT",Unevaluated,2002,DB,Pine View HS,,Unranked
Brigham Young,Unranked,Travonne Jackson,0.0,Unranked,"5'11""",181,0.00,"Los Angeles, CA",Unevaluated,2002,WR,Thomas Jefferson,,Unranked
Brigham Young,Unranked,Bryan Kehl,0.0,Unranked,"6'2""",225,0.00,"Brighton, UT",Unevaluated,2002,LB,,,Unranked
Brigham Young,Unranked,Jake Kuresa,0.0,Unranked,"6'4""",305,4.90,"Hyrum, UT",Unevaluated,2002,DT,Mountain Crest,"<img src=""http://l.yimg.com/a/p/sp/r/1b/1be76892d421de7862bf928832561f45/jakekuresa.gif"">",24
Brigham Young,Unranked,Shawn Nu'a,0.0,Unranked,"6'6""",275,5.00,"Mesa, AZ",Unevaluated,2002,DT,Mesa C.C.,,Unranked
Brigham Young,Unranked,Mulivai Pula,0.0,Unranked,"5'11""",215,0.00,"Kahuku, HI",Unevaluated,2002,RB,Kahuku,,Unranked
Brigham Young,Unranked,Aaron Singh,0.0,Unranked,"5'11""",192,4.51,"Carlsbad, CA",Unevaluated,2002,RB,,,Unranked
Brigham Young,Unranked,Thomas Stancil,0.0,Unranked,"5'7""",160,4.40,"Bakersfield, CA",Unevaluated,2002,RB,,,Unranked
Brigham Young,Unranked,William Tukuafu,0.0,Unranked,"6'3""",230,4.70,"Salt Lake City, UT",Unevaluated,2002,DE,East,,85
Brigham Young,Unranked,Taufui Vakapuna,0.0,Unranked,"6'0""",215,4.50,"Salt Lake City, UT",Unevaluated,2002,RB,East,,19
Brigham Young,Unranked,Walter Williams,0.0,Unranked,"6'1""",180,4.50,"Thatcher, AZ",Unevaluated,2002,DB,Eastern Arizona J.C.,,Unranked
Brigham Young,Unranked,Scott Young,0.0,Unranked,"6'5""",305,4.90,"Saint George, UT",Unevaluated,2002,DT,Dixie State C.C.,,Unranked
Toledo,Unranked,D.C. Alexander,5.0,Unranked,"6'2""",210,0.00,"Canton, OH",Unevaluated,2007,DE,McKinley,,Unranked
Toledo,Unranked,Sean Berry,5.3,Unranked,"6'6""",310,5.20,"Irvington, NJ",Unevaluated,2007,OL,Irvington,"<img src=""http://vmedia.rivals.com/IMAGES/PROSPECT/PHOTO/SEANBERRY7_25150.JPG"">",Unranked
Toledo,Unranked,Matt Bradbury,5.1,Unranked,"6'5""",275,0.00,"Elmhurst, IL",Unevaluated,2007,OL,York,,Unranked
Toledo,Unranked,Brett Brodbeck,5.0,Unranked,"6'0""",170,0.00,"Franklin, TN",Unevaluated,2007,K,Battle Ground Academy,,Unranked
Toledo,71,Travaris Cadet,5.6,Unranked,"6'0""",193,4.40,"Miami, FL",Unevaluated,2007,QB,Central,"<img src=""http://vmedia.rivals.com/IMAGES/Camper/PHOTO/TRAVARISCADETNIKE150.JPG"">",19
Toledo,Unranked,Tim Cortazzo,5.1,Unranked,"6'1""",185,4.40,"Irwin, PA",Unevaluated,2007,WR,Penn Trafford,"<img src=""http://vmedia.rivals.com/IMAGES/Camper/PHOTO/TIMCORTAZZOPANIKE150.JPG"">",Unranked
Toledo,26,Kaunda Hancock,5.5,Unranked,"5'11""",182,4.60,"Birmingham, MI",Unevaluated,2007,WR,Brother Rice,"<img src=""http://vmedia.rivals.com/IMAGES/Camper/PHOTO/KAUNDAHANCOCKNIKE150.JPG"">",Unranked
Toledo,Unranked,Jerome Jones,5.0,Unranked,"6'7""",220,0.00,"Youngstown, OH",Unevaluated,2007,TE,Harmony Prep,,Unranked
Toledo,Unranked,Kevin Kowalski,5.1,Unranked,"6'4""",270,5.10,"Macedonia, OH",Unevaluated,2007,OL,Nordonia,"<img src=""http://vmedia.rivals.com/IMAGES/PROSPECT/PHOTO/KEVINKOWALSKI6_1150.JPG"">",Unranked
Toledo,40,D.J. Lenehan,5.5,Unranked,"6'3""",190,4.63,"Easton, PA",Unevaluated,2007,QB,Wilson Area,"<img src=""http://vmedia.rivals.com/IMAGES/PROSPECT/PHOTO/DJLENEHAN3_6150.JPG"">",Unranked
Toledo,Unranked,Tamawi McGhee,5.1,Unranked,"6'1""",190,4.40,"Steubenville, OH",Unevaluated,2007,RB,Steubenville,,Unranked
Toledo,Unranked,Danny Noble,5.1,Unranked,"6'5""",220,0.00,"Elyria, OH",Unevaluated,2007,TE,Elyria,,Unranked
Toledo,44,Marlin Parker,5.5,Unranked,"6'2""",232,4.60,"Warren, OH",Unevaluated,2007,DE,Harding,"<img src=""http://vmedia.rivals.com/IMAGES/PROSPECT/PHOTO/MARLINPARKER10_11150.JPG"">",42
Toledo,Unranked,Tyson Patrick,5.0,Unranked,"6'2""",218,0.00,"Trotwood, OH",Unevaluated,2007,LB,Madison Comprehensive,,Unranked
Toledo,Unranked,Dreylon Pree,5.0,Unranked,"6'2""",180,0.00,"Steubenville, OH",Unevaluated,2007,,Steubenville,,Unranked
Toledo,Unranked,Hosea Simpson,5.5,Unranked,"5'9""",190,4.52,"Cincinnati, OH",Unevaluated,2007,RB,Winton Woods,,Unranked
Toledo,Unranked,Adonis Thomas,5.2,Unranked,"5'10""",175,4.40,"Newark, NJ",Unevaluated,2007,RB,Shabazz,"<img src=""http://vmedia.rivals.com/IMAGES/PROSPECT/PHOTO/ADONISTHOMAS7_12150.JPG"">",Unranked
Toledo,Unranked,Mike VanDerMeulen,5.0,Unranked,"6'7""",290,5.00,"Marshall, MI",Unevaluated,2007,OL,,"<img src=""http://vmedia.rivals.com/IMAGES/PROSPECT/PHOTO/MIKEVANDERMEULEN2_24150.JPG"">",Unranked
Toledo,Unranked,Gordon Warner,5.1,Unranked,"5'11""",175,4.40,"Miami, FL",Unevaluated,2007,RB,Central,"<img src=""http://vmedia.rivals.com/IMAGES/PROSPECT/PHOTO/GORDONWARNER12_20150.JPG"">",Unranked
Toledo,15,Morgan Williams,5.7,Unranked,"6'0""",190,4.50,"Canton, OH",Unevaluated,2007,RB,McKinley,"<img src=""http://vmedia.rivals.com/IMAGES/PROSPECT/PHOTO/MORGANWILLIAMS9_29150.JPG"">",29
Ball St.,Unranked,Sean Baker,5.2,Unranked,"6'0""",186,4.53,"Canfield, OH",Unevaluated,2007,DB,Canfield,"<img src=""http://vmedia.rivals.com/IMAGES/Camper/PHOTO/SEANBAKERNIKE150.JPG"">",Unranked
Ball St.,Unranked,Koreen Burch,5.1,Unranked,"5'9""",170,0.00,"Douglas, GA",Unevaluated,2007,DB,Coffee County,,Unranked
Ball St.,Unranked,Brandon Carnegie,5.1,Unranked,"5'11""",171,4.60,"Novi, MI",Unevaluated,2007,WR,Novi,"<img src=""http://vmedia.rivals.com/IMAGES/Camper/PHOTO/BRANDONCARNEGIECLNIKE150.JPG"">",Unranked
Ball St.,Unranked,Brendan Choy,5.2,Unranked,"6'4""",225,0.00,"Bradenton, FL",Unevaluated,2007,TE,Lakewood Ranch,,Unranked
Ball St.,23,Frank Edmonds,5.6,Unranked,"5'7""",180,4.44,"Lakewood, OH",Unevaluated,2007,RB,St. Edward,"<img src=""http://vmedia.rivals.com/IMAGES/Camper/PHOTO/FRANKEDMONDSNIKE150.JPG"">",14
Ball St.,Unranked,Jerrod Gray,5.0,Unranked,"6'3""",255,0.00,"Bradley, IL",Unevaluated,2007,DE,Bourbonnais,,Unranked
Ball St.,Unranked,Ryan Hartke,5.0,Unranked,"6'4""",200,0.00,"St. Henry, OH",Unevaluated,2007,LB,St. Henry,,Unranked
Ball St.,Unranked,Derrick Henry,5.1,Unranked,"6'0""",183,4.53,"Worthington, OH",Unevaluated,2007,DB,Kilbourne,"<img src=""http://vmedia.rivals.com/IMAGES/Camper/PHOTO/DERRICKHENRYNIKE150.JPG"">",Unranked
Ball St.,Unranked,Jermaine Houston,5.4,Unranked,"6'4""",230,0.00,"Milledgeville, GA",Unevaluated,2007,DE,Georgia Military College,,Unranked
Ball St.,Unranked,Kreg Hunter,5.0,Unranked,"6'4""",300,5.20,"Lebanon, IN",Unevaluated,2007,OL,Lebanon,"<img src=""http://vmedia.rivals.com/IMAGES/PROSPECT/PHOTO/KREGHUNTER8_8150.JPG"">",Unranked
Ball St.,Unranked,Daniel Ifft,5.1,Unranked,"6'2""",169,0.00,"Dover, OH",Unevaluated,2007,WR,,"<img src=""http://vmedia.rivals.com/IMAGES/Camper/PHOTO/DANIELIFFTNIKE150.JPG"">",Unranked
Ball St.,Unranked,Ben Jacoby,5.1,Unranked,"6'2""",270,0.00,"Buford, GA",Unevaluated,2007,OL,Buford,,Unranked
Ball St.,Unranked,Davyd Jones,5.1,Unranked,"6'1""",215,0.00,"Muncie, IN",Unevaluated,2007,LB,Central,,Unranked
Ball St.,Unranked,Simeon Kelley,5.0,Unranked,"5'10""",170,4.55,"Atlanta, GA",Unevaluated,2007,ATH,Grady,"<img src=""http://vmedia.rivals.com/IMAGES/Camper/PHOTO/SIMEONKELLEYGANIKE150.JPG"">",Unranked
Ball St.,Unranked,Ray Kennedy,5.1,Unranked,"6'2""",240,0.00,"Chicago, IL",Unevaluated,2007,DT,Mt. Carmel,,Unranked
Ball St.,Unranked,Dee Lett,5.0,Unranked,"5'11""",203,0.00,"Hopkinsville, KY",Unevaluated,2007,LB,Christian County,,Unranked
Ball St.,Unranked,Ian McGarvey,5.0,Unranked,"5'10""",165,0.00,"Greenwood, IN",Unevaluated,2007,K,Center Grove,,Unranked
Ball St.,Unranked,Renee Perry,5.5,Unranked,"6'0""",268,0.00,"Lake City, FL",Unevaluated,2007,DT,Columbia,,Unranked
Ball St.,Unranked,Jafe Pitcock,5.3,Unranked,"6'2""",253,4.80,"Piqua, OH",Unevaluated,2007,DE,Piqua,,Unranked
Ball St.,Unranked,Andy Puthoff,5.2,Unranked,"6'3""",230,0.00,"St. Henry, OH",Unevaluated,2007,DE,St. Henry,,Unranked
Ball St.,Unranked,Pete Rolf,5.2,Unranked,"6'4""",228,4.70,"Piqua, OH",Unevaluated,2007,LB,,"<img src=""http://vmedia.rivals.com/IMAGES/PROSPECT/PHOTO/PETEROLF1_25150.JPG"">",Unranked
Ball St.,Unranked,Drew Sharick,5.0,Unranked,"6'7""",235,0.00,"Champaign, IL",Unevaluated,2007,TE,Central,"<img src=""http://vmedia.rivals.com/IMAGES/PROSPECT/PHOTO/DREWSHARICK4_24150.JPG"">",Unranked
Ball St.,Unranked,Mike Switzer,5.1,Unranked,"6'5""",275,5.40,"Indianapolis, IN",Unevaluated,2007,OL,Lawrence North,"<img src=""http://vmedia.rivals.com/IMAGES/PROSPECT/PHOTO/MICHAELSWITZER5_8150.JPG"">",Unranked
Ball St.,Unranked,Deontay Twyman,0.0,Unranked,"5'11""",165,4.70,"Sandy Spring, MD",Unevaluated,2007,,Sherwood,,Unranked
Ball St.,Unranked,Lorren Womack,5.1,Unranked,"6'0""",210,4.60,"Huber Heights, OH",Unevaluated,2007,LB,Wayne High School,,Unranked
Rice,Unranked,Eric Ball,5.2,Unranked,"6'3""",270,0.00,"Katy, TX",Unevaluated,2008,OL,Katy,"<img src=""http://vmedia.rivals.com/IMAGES/PROSPECT/PHOTO/ERICBALL6_4150.JPG"">",Unranked
Rice,Unranked,Jarrett Ben,5.4,Unranked,"5'10""",165,4.40,"Garland, TX",Unevaluated,2008,DB,Garland,"<img src=""http://l.yimg.com/a/p/sp/r/4f/4f7059a0865aa2b9d76701e3275c3020/jarrettben.jpg"">",Unranked
Rice,Unranked,Derek Clark,4.9,Unranked,"6'2""",170,0.00,"Arlington, TX",Unevaluated,2008,WR,Bowie,,Unranked
Rice,Unranked,John Gioffre,5.2,Unranked,"6'1""",280,0.00,"Katy, TX",Unevaluated,2008,DT,Cinco Ranch,"<img src=""http://l.yimg.com/a/p/sp/r/12/123a7bbc1c7af35a3d567e8cf6b5f386/johngioffre.jpg"">",Unranked
Rice,Unranked,Clay Hebert,5.2,Unranked,"6'3""",285,0.00,"Klein, TX",Unevaluated,2008,OL,Klein,"<img src=""http://vmedia.rivals.com/IMAGES/PROSPECT/PHOTO/CLAYHEBERT4_5150.JPG"">",Unranked
Rice,Unranked,Emerson Herndon,0.0,Unranked,"6'8""",210,0.00,"Houston, TX",Unevaluated,2008,,Worthing,,Unranked
Rice,Unranked,Chris Jammer,5.1,Unranked,"6'1""",175,4.50,"Sweeny, TX",Unevaluated,2008,DB,Sweeny,,Unranked
Rice,Unranked,Ryan Lewis,5.1,Unranked,"6'3""",200,4.60,"Baton Rouge, LA",Unevaluated,2008,QB,Catholic,"<img src=""http://vmedia.rivals.com/IMAGES/PROSPECT/PHOTO/RYANLEWIS8_31150.JPG"">",Unranked
Rice,Unranked,Ronnie Lillard,5.1,Unranked,"6'3""",215,4.59,"U S A F Academy, CO",Unevaluated,2008,LB,U.S. Air Force Prep,"<img src=""http://vmedia.rivals.com/IMAGES/PROSPECT/PHOTO/RONLILLARD5_10150.JPG"">",Unranked
Rice,Unranked,Roddy Maginot,5.4,Unranked,"5'10""",170,4.44,"Arlington, TX",Unevaluated,2008,WR,Bowie,"<img src=""http://vmedia.rivals.com/IMAGES/PROSPECT/PHOTO/RODDYMAGINOT3_13150.JPG"">",Unranked
Rice,Unranked,Kyle Martens,5.1,Unranked,"6'6""",185,4.90,"Spearfish, SD",Unevaluated,2008,K,Spearfish,"<img src=""http://vmedia.rivals.com/IMAGES/PROSPECT/PHOTO/KYLEMARTENS7_9150.JPG"">",Unranked
Rice,Unranked,Stefan Nazar,4.9,Unranked,N/A,N/A,0.00,"Toronto, Ontario",Unevaluated,2008,OL,,,Unranked
Rice,Unranked,Michael Patterson,5.2,Unranked,"5'11""",169,4.47,"Rockwall, TX",Unevaluated,2008,WR,Rockwall,"<img src=""http://l.yimg.com/a/p/sp/r/73/738a2f3eff34ee2c7225bb013a2c0ed8/michaelpatterson.jpg"">",Unranked
Rice,Unranked,Michael Smith,5.2,Unranked,"6'1""",270,4.95,"Bay City, TX",Unevaluated,2008,DT,Bay City,"<img src=""http://vmedia.rivals.com/IMAGES/PROSPECT/PHOTO/MICHAELSMITH6_8150.JPG"">",Unranked
Rice,91,Shane Turner,5.6,Unranked,"5'9""",170,4.40,"Houston, TX",Unevaluated,2008,RB,Cypress Falls,"<img src=""http://vmedia.rivals.com/IMAGES/PROSPECT/PHOTO/SHANETURNER5_21150.JPG"">",28
Rice,Unranked,Xavier Webb,5.4,Unranked,"5'11""",200,4.50,"Montgomery, TX",Unevaluated,2008,ATH,Montgomery,"<img src=""http://vmedia.rivals.com/IMAGES/PROSPECT/PHOTO/XAVIERWEBB5_28150.JPG"">",Unranked
Rice,Unranked,Denzel Wells,5.1,Unranked,"5'10""",175,0.00,"Houston, TX",Unevaluated,2008,WR,Cypress Falls,,Unranked
Rice,Unranked,Jared Williams,5.2,Unranked,"6'3""",250,0.00,"Huntsville, TX",Unevaluated,2008,TE,Huntsville,"<img src=""http://vmedia.rivals.com/IMAGES/PROSPECT/PHOTO/JAREDWILLIAMS6_1150.JPG"">",Unranked
Rice,Unranked,Luke Willson,4.9,Unranked,"6'5""",240,0.00,"LaSalle, Ontario",Unevaluated,2008,TE,,,Unranked
SMU,Unranked,Chris Banjo,5.5,Unranked,"5'11""",190,4.50,"Sugar Land, TX",Unevaluated,2008,DB,Kempner,"<img src=""http://l.yimg.com/a/p/sp/r/31/31711860e553699714039c8ae6c8066f/chrisbanjo.jpg"">",Unranked
SMU,Unranked,Cole Beasley,5.2,Unranked,"5'9""",155,0.00,"Little Elm, TX",Unevaluated,2008,ATH,Little Elm,"<img src=""http://l.yimg.com/a/p/sp/r/4d/4dcec99460ecb4c3abe5086618c244f6/colebeasley.jpg"">",Unranked
SMU,Unranked,Zachary Boyd,5.2,Unranked,"6'4""",258,0.00,"Dallas, TX",Unevaluated,2008,OL,Highland Park,"<img src=""http://l.yimg.com/a/p/sp/r/2b/2bd9b279116084b1e39112005e33d302/zacharyboyd.jpg"">",Unranked
SMU,Unranked,Jimmy Chase,5.3,Unranked,"6'3""",235,0.00,"Garland, TX",Unevaluated,2008,OL,North Garland,"<img src=""http://vmedia.rivals.com/IMAGES/PROSPECT/PHOTO/JIMMYCHASE9_7150.JPG"">",Unranked
SMU,Unranked,E.J. Drewery,5.3,Unranked,"6'6""",210,4.50,"Chesapeake, VA",Unevaluated,2008,WR,Atlantic Shores Christian,"<img src=""http://vmedia.rivals.com/IMAGES/PROSPECT/PHOTO/DREWERYEJ_150.JPG"">",Unranked
SMU,Unranked,Andrew Ellison,5.3,Unranked,"6'3""",232,4.49,"College Station, TX",Unevaluated,2008,TE,A&amp;M Consolidated,"<img src=""http://l.yimg.com/a/p/sp/r/27/27d65eb8fa98412a5bc54971f372ca18/andrewellison.jpg"">",Unranked
SMU,Unranked,Josh Emshoff,5.3,Unranked,"6'4""",275,0.00,"Lufkin, TX",Unevaluated,2008,OL,Lufkin,"<img src=""http://vmedia.rivals.com/IMAGES/PROSPECT/PHOTO/JOSH-EMSHOFF-2009-150.JPG"">",Unranked
SMU,Unranked,Jordan Free,5.1,Unranked,"6'2""",263,0.00,"Baton Rouge, LA",Unevaluated,2008,OL,Parkview Baptist,"<img src=""http://vmedia.rivals.com/IMAGES/PROSPECT/PHOTO/JORDANFREE12_12150.JPG"">",Unranked
SMU,Unranked,Kevin Grenier,5.2,Unranked,"6'4""",220,4.80,"Tucson, AZ",Unevaluated,2008,TE,Salpointe,,Unranked
SMU,Unranked,Evan Huahulu,5.2,Unranked,"6'1""",330,0.00,"Anaheim, CA",Unevaluated,2008,OL,Servite,,Unranked
SMU,Unranked,Victor Jones,5.4,Unranked,"6'1""",219,4.50,"Richland, TX",Unevaluated,2008,LB,Richland,"<img src=""http://vmedia.rivals.com/IMAGES/PROSPECT/PHOTO/VICTORJONES6_4150.JPG"">",Unranked
SMU,Unranked,B.J. Lee,5.2,Unranked,"5'5""",160,4.40,"Ridgeland, MS",Unevaluated,2008,RB,Ridgeland,"<img src=""http://vmedia.rivals.com/IMAGES/PROSPECT/PHOTO/BJLEE10_6150.JPG"">",Unranked
SMU,Unranked,Zach Line,5.1,Unranked,"6'1""",210,0.00,"Oxford, MI",Unevaluated,2008,LB,Oxford,"<img src=""http://vmedia.rivals.com/IMAGES/PROSPECT/PHOTO/ZACH-LINE150_111507.JPG"">",Unranked
SMU,Unranked,Cole Loftin,5.3,Unranked,"6'1""",174,0.00,"Aledo, TX",Unevaluated,2008,WR,Aledo,"<img src=""http://vmedia.rivals.com/IMAGES/PROSPECT/PHOTO/COLELOFTIN1_22150.JPG"">",Unranked
SMU,Unranked,Bryce Lunday,5.1,Unranked,"5'8""",176,4.51,"Sheridan, AR",Unevaluated,2008,ATH,Sheridan,"<img src=""http://l.yimg.com/a/p/sp/r/28/28ec90ef211917a0f9e657b60524784d/brycelunday.jpg"">",Unranked
SMU,Unranked,Paul McCoy,0.0,Unranked,"5'11""",175,0.00,"Portland, OR",Unevaluated,2008,,Grant,,Unranked
SMU,Unranked,Deyon McElroy,5.6,Unranked,"6'0""",179,4.50,"Rancho Cucamonga, CA",Unevaluated,2008,DB,Chaffey C.C.,,Unranked
SMU,Unranked,Blake McJunkin,5.2,Unranked,"6'2""",256,0.00,"Plano, TX",Unevaluated,2008,OL,Plano,"<img src=""http://vmedia.rivals.com/IMAGES/PROSPECT/PHOTO/BLAKEMCJUNKIN1_1150.JPG"">",Unranked
SMU,Unranked,Bo Levi Mitchell,5.2,Unranked,"6'1""",185,4.70,"Katy, TX",Unevaluated,2008,QB,Katy,"<img src=""http://vmedia.rivals.com/IMAGES/PROSPECT/PHOTO/BOLEVIMITCHELL6_4150.JPG"">",Unranked
SMU,Unranked,Sidney Nwangwu,5.2,Unranked,"6'4""",313,0.00,"Midland, TX",Unevaluated,2008,OL,Midland,"<img src=""http://vmedia.rivals.com/IMAGES/PROSPECT/PHOTO/SIDNEYNWANGWU7_11150.JPG"">",Unranked
SMU,Unranked,Alex Odiari,4.9,Unranked,"6'0""",253,0.00,"Carrollton, TX",Unevaluated,2008,LB,Collin County C.C.,,Unranked
SMU,Unranked,Robert Parker,5.5,Unranked,"5'11""",221,0.00,"Humble, TX",Unevaluated,2008,LB,Humble,,Unranked
SMU,Unranked,Torlan Pittman,5.3,Unranked,"5'11""",270,5.40,"Bryan, TX",Unevaluated,2008,DT,Bryan,,Unranked
SMU,Unranked,Keith Robinson,5.4,Unranked,"5'9""",170,4.45,"Atco, NJ",Unevaluated,2008,RB,Winslow Township,"<img src=""http://vmedia.rivals.com/IMAGES/PROSPECT/PHOTO/KEITHROBINSON3_23150.JPG"">",Unranked
SMU,Unranked,Andrew Robiskie,4.9,Unranked,"6'1""",285,0.00,"Chagrin Falls, OH",Unevaluated,2008,OL,Chagrin Falls,,Unranked
SMU,Unranked,Braden Smith,5.0,Unranked,"6'0""",190,0.00,"Rockwall, TX",Unevaluated,2008,QB,Rockwall,"<img src=""http://l.yimg.com/a/p/sp/r/c8/c89b1065ef0a3080b18d076a9bfffb37/bradensmith.jpg"">",Unranked
SMU,Unranked,Ryan Smith,5.3,Unranked,"6'0""",172,4.50,"Houston, TX",Unevaluated,2008,ATH,Lamar,,Unranked
SMU,Unranked,Bennie Thomas,0.0,Unranked,"5'9""",185,4.50,"Tucson, AZ",Unevaluated,2008,DB,Pima C.C.,,Unranked
SMU,Unranked,Taylor Thompson,5.5,Unranked,"6'7""",224,4.65,"Prosper, TX",Unevaluated,2008,TE,Prosper,"<img src=""http://l.yimg.com/a/p/sp/r/0f/0f50df2cf289746ff85894b1c3283af7/taylorthompson.jpg"">",38
SMU,Unranked,Quincy Whittington,5.2,Unranked,"5'7""",157,4.50,"Cuero, TX",Unevaluated,2008,RB,Cuero,,Unranked
Nevada,Unranked,Jacob Anderson,0.0,Unranked,"6'2""",195,0.00,"Reno, NV",Unevaluated,2008,,Galena,,Unranked
Nevada,Unranked,Mike Andrews,5.2,Unranked,"6'3""",280,0.00,"Yuma, AZ",Unevaluated,2008,DT,Arizona Western C.C.,"<img src=""http://vmedia.rivals.com/IMAGES/PROSPECT/PHOTO/MIKEANDREWS6_15150.JPG"">",Unranked
Nevada,Unranked,Mark Avery,5.1,Unranked,"6'4""",265,0.00,"Stockton, CA",Unevaluated,2008,DT,Stagg,"<img src=""http://vmedia.rivals.com/IMAGES/PROSPECT/PHOTO/MARKAVERY1_25150.JPG"">",Unranked
Nevada,4,Michael Ball,5.7,Unranked,"5'9""",201,4.68,"Las Vegas, NV",Unevaluated,2008,RB,Desert Pines,"<img src=""http://vmedia.rivals.com/IMAGES/PROSPECT/PHOTO/MIKEBALL4_2150.JPG"">",22
Nevada,Unranked,Christian Barker,5.2,Unranked,"6'4""",310,0.00,"Etiwanda, CA",Unevaluated,2008,OL,Etiwanda,,Unranked
Nevada,Unranked,Michael Bethea,0.0,Unranked,"6'1""",220,0.00,"San Marcos, CA",Unevaluated,2008,LB,Palomar C.C.,,Unranked
Nevada,Unranked,Thaddeus Brown,5.3,Unranked,"5'10""",178,4.41,"Sherman Oaks, CA",Unevaluated,2008,RB,Notre Dame,"<img src=""http://vmedia.rivals.com/IMAGES/PROSPECT/PHOTO/THADDEUSBROWN6_28150.JPG"">",Unranked
Nevada,Unranked,Mike Evans,0.0,Unranked,"5'10""",185,4.50,"Torrance, CA",Unevaluated,2008,DB,El Camino C.C.,,Unranked
Nevada,Unranked,Mark Forrest,5.3,Unranked,"6'7""",205,0.00,"San Jose, CA",Unevaluated,2008,DE,Oak Grove,"<img src=""http://vmedia.rivals.com/IMAGES/PROSPECT/PHOTO/MARKFORREST1_1150.JPG"">",Unranked
Nevada,Unranked,Isaiah Frey,5.1,Unranked,"5'10""",176,0.00,"Carmichael, CA",Unevaluated,2008,DB,Jesuit,"<img src=""http://l.yimg.com/a/p/sp/r/11/11070e5b9fd00b13f21c388e875932d6/isaiahfrey.jpg"">",Unranked
Nevada,Unranked,Dayton Guillory,5.2,Unranked,"6'0""",175,4.40,"Marysville, CA",Unevaluated,2008,DB,Yuba C.C.,"<img src=""http://vmedia.rivals.com/IMAGES/PROSPECT/PHOTO/DAYTONGUILLORY1_1150.JPG"">",Unranked
Nevada,Unranked,Maurice Harvey,5.6,Unranked,"6'3""",195,0.00,"Reedley, CA",Unevaluated,2008,DB,Reedley C.C.,,Unranked
Nevada,Unranked,Aaron Huck,5.2,Unranked,"6'3""",290,0.00,"San Jose, CA",Unevaluated,2008,OL,Oak Grove,"<img src=""http://vmedia.rivals.com/IMAGES/PROSPECT/PHOTO/AARONHUCK1_1150.JPG"">",Unranked
Nevada,Unranked,Marlon Johnson,5.2,Unranked,"6'0""",183,4.50,"Inglewood, CA",Unevaluated,2008,DB,Inglewood,"<img src=""http://vmedia.rivals.com/IMAGES/PROSPECT/PHOTO/MARLONJOHNSON11_1150.JPG"">",Unranked
Nevada,Unranked,Brad Langley,0.0,Unranked,"6'1""",20,0.00,"Antelope, CA",Unevaluated,2008,K,American River C.C.,,Unranked
Nevada,Unranked,Jeffrey Nady,5.1,Unranked,"6'7""",250,0.00,"Minden, NV",Unevaluated,2008,OL,Douglas,,Unranked
Nevada,Unranked,Jonathan Rabe,5.4,Unranked,"6'5""",260,5.00,"La Verne, CA",Unevaluated,2008,DE,Damien,"<img src=""http://vmedia.rivals.com/IMAGES/PROSPECT/PHOTO/JONATHANRABE1_1150.JPG"">",Unranked
Nevada,Unranked,Jack Reynoso,5.1,Unranked,"6'2""",240,0.00,"Loomis, CA",Unevaluated,2008,DE,Del Oro,"<img src=""http://l.yimg.com/a/p/sp/r/15/157220140e1283609997847e1be4f317/jackreynoso.jpg"">",Unranked
Nevada,Unranked,Brett Roy,4.9,Unranked,"6'4""",240,0.00,"Yucaipa, CA",Unevaluated,2008,DE,Yucaipa,,Unranked
Nevada,Unranked,Zack Sudfeld,4.9,Unranked,"6'7""",230,0.00,"Modesto, CA",Unevaluated,2008,TE,,,Unranked
Nevada,Unranked,Antoine Thompson,5.5,Unranked,"6'1""",195,4.40,"Reedley, CA",Unevaluated,2008,DB,Reedley C.C.,,Unranked
Nevada,Unranked,Stephen Werner,5.1,Unranked,"6'5""",315,0.00,"Tulare, CA",Unevaluated,2008,OL,Tulare Western,"<img src=""http://l.yimg.com/a/p/sp/r/53/53c7deb4057441914765e584a3e72d96/stephenwerner.jpg"">",Unranked
Nevada,Unranked,Brandon Wimberly,5.4,Unranked,"6'3""",185,0.00,"Gardena, CA",Unevaluated,2008,WR,Gardena,,Unranked
Nevada,Unranked,Ahmad Wood,5.2,Unranked,"5'10""",179,0.00,"San Pedro, CA",Unevaluated,2008,DB,San Pedro,,Unranked
Nevada,Unranked,Khalid Wooten,4.9,Unranked,"6'0""",187,0.00,"Rialto, CA",Unevaluated,2008,DB,Wilmer Carter,,Unranked
Louisiana Tech,Unranked,Colby Cameron,5.1,Unranked,"6'2""",168,0.00,"Newbury Park, CA",Unevaluated,2008,QB,Newbury Park,"<img src=""http://vmedia.rivals.com/IMAGES/PROSPECT/PHOTO/COLBYCAMERON6_28150.JPG"">",Unranked
Louisiana Tech,Unranked,Richie Casey,5.0,Unranked,"6'0""",180,0.00,"Homer, LA",Unevaluated,2008,ATH,Homer,"<img src=""http://vmedia.rivals.com/IMAGES/PROSPECT/PHOTO/RICHIECASEY5_30150.JPG"">",Unranked
Louisiana Tech,Unranked,Adrien Cole,5.3,Unranked,"5'11""",200,4.50,"Mobile, AL",Unevaluated,2008,LB,McGill Toolen,"<img src=""http://vmedia.rivals.com/IMAGES/PROSPECT/PHOTO/ADRIANCOLE2_9150.JPG"">",Unranked
Louisiana Tech,Unranked,Jimmie Crawford,5.3,Unranked,"6'1""",185,4.50,"Harvey, LA",Unevaluated,2008,DB,West Jefferson,,Unranked
Louisiana Tech,Unranked,Benn Fairbanks,0.0,Unranked,"6'5""",212,4.90,"Richmond, TX",Unevaluated,2008,,Fort Bend Austin,"<img src=""http://l.yimg.com/a/p/sp/r/f8/f8ef181e6d6e8e8cb550ca3186b31824/bennfairbanks.jpg"">",Unranked
Louisiana Tech,Unranked,Eric Fiege,0.0,Unranked,"5'9""",165,4.50,"Santee, CA",Unevaluated,2008,WR,West Hills,,Unranked
Louisiana Tech,22,Eric Harper,5.6,Unranked,"6'4""",220,4.62,"Marrero, LA",Unevaluated,2008,DE,John Ehret,"<img src=""http://vmedia.rivals.com/IMAGES/PROSPECT/PHOTO/ERICHARPER1_15150.JPG"">",18
Louisiana Tech,Unranked,Kwame Jordan,5.5,Unranked,"6'5""",240,4.76,"Fort Scott, KS",Unevaluated,2008,DE,Fort Scott C.C.,,Unranked
Louisiana Tech,Unranked,Christian Lacey,5.2,Unranked,"6'2""",230,0.00,"Harvey, LA",Unevaluated,2008,DE,Archbishop Shaw,"<img src=""http://vmedia.rivals.com/IMAGES/PROSPECT/PHOTO/CHRISTIANLACEY10_19150.JPG"">",Unranked
Louisiana Tech,Unranked,Michael Lacy,4.9,Unranked,"6'6""",315,5.40,"Gulfport, MS",Unevaluated,2008,OL,Gulfport,"<img src=""http://vmedia.rivals.com/IMAGES/PROSPECT/PHOTO/MICHAELLACY6_7150.JPG"">",Unranked
Louisiana Tech,Unranked,Philip Longino,5.4,Unranked,"6'0""",272,5.00,"Missouri City, TX",Unevaluated,2008,DT,Marshall,"<img src=""http://l.yimg.com/a/p/sp/r/38/38bbb5f3192b3be8b196722f43dc09f2/philiplongino.jpg"">",Unranked
Louisiana Tech,Unranked,Josh Parrish,5.3,Unranked,"6'4""",275,4.90,"Klein, TX",Unevaluated,2008,OL,Klein Collins,"<img src=""http://vmedia.rivals.com/IMAGES/PROSPECT/PHOTO/JOSHPARRISH6_13150.JPG"">",Unranked
Louisiana Tech,Unranked,Solomon Randle,5.1,Unranked,"6'0""",208,4.70,"Mobile, AL",Unevaluated,2008,LB,LeFlore,"<img src=""http://l.yimg.com/a/p/sp/r/36/368daa72b3467aa422035c09fcbe2f92/solomonrandle.jpg"">",Unranked
Louisiana Tech,Unranked,Kevin Saia,5.4,Unranked,"6'2""",301,5.20,"Geismar, LA",Unevaluated,2008,OL,Dutchtown,"<img src=""http://l.yimg.com/a/p/sp/r/09/09c1e38c056d06fc2fa9b463abdf3631/kevinsaia.jpg"">",Unranked
Louisiana Tech,Unranked,Chandler Spence,5.4,Unranked,"6'5""",232,4.70,"Arlington, TX",Unevaluated,2008,TE,Arlington Lamar,"<img src=""http://vmedia.rivals.com/IMAGES/PROSPECT/PHOTO/CHANDLERSPENCE10_22150.JPG"">",Unranked
Louisiana Tech,Unranked,Todd Spence,5.2,Unranked,"6'1""",163,4.50,"Lewisville, TX",Unevaluated,2008,DB,Lewisville,"<img src=""http://l.yimg.com/a/p/sp/r/e6/e65b625b0c70fc59505b99d52734aaa4/toddspence.jpg"">",Unranked
Louisiana Tech,Unranked,Ketaraus Stanton,4.9,Unranked,"6'2""",205,4.55,"Diboll, TX",Unevaluated,2008,RB,Diboll,"<img src=""http://vmedia.rivals.com/IMAGES/PROSPECT/PHOTO/KETARAUSSTANTON7_19150.JPG"">",Unranked
Louisiana Tech,Unranked,R.P. Stuart,5.1,Unranked,"6'3""",202,4.56,"Austin, TX",Unevaluated,2008,WR,Anderson,"<img src=""http://vmedia.rivals.com/IMAGES/PROSPECT/PHOTO/RPSTUART11_16150.JPG"">",Unranked
Louisiana Tech,Unranked,Zack Summage,0.0,Unranked,"5'9""",190,0.00,"Shreveport, LA",Unevaluated,2008,LB,Evangel Christian,,Unranked
Louisiana Tech,53,Darrius Terry,5.7,Unranked,"6'0""",190,0.00,"Lufkin, TX",Unevaluated,2008,DB,Lufkin,"<img src=""http://vmedia.rivals.com/IMAGES/PROSPECT/PHOTO/DARIUSTERRY7_19150.JPG"">",22
Louisiana Tech,Unranked,Houston Tuminello,5.4,Unranked,"6'2""",184,4.70,"Gilmer, TX",Unevaluated,2008,WR,Gilmer,"<img src=""http://l.yimg.com/a/p/sp/r/56/56cb8f965d9ab5fafac53f0376c32c09/houstontuminello.jpg"">",Unranked
Boston College,Unranked,Stephen Atkinson,5.5,Unranked,"6'1""",183,4.60,"Ft. Lauderdale, FL",Unevaluated,2008,DB,Cardinal Gibbons,"<img src=""http://vmedia.rivals.com/IMAGES/PROSPECT/PHOTO/STEPHENATKINSON7_9150.JPG"">",Unranked
Boston College,Unranked,Codi Boek,5.6,Unranked,"6'3""",215,4.60,"Sacramento, CA",Unevaluated,2008,QB,American River C.C.,,Unranked
Boston College,8,Nick Clancy,5.7,Unranked,"6'3""",220,4.60,"Joliet, IL",Unevaluated,2008,LB,Joliet Catholic,"<img src=""http://vmedia.rivals.com/IMAGES/PROSPECT/PHOTO/NICKCLANCY4_27150.JPG"">",40
Boston College,25,Emmett Cleary,5.5,Unranked,"6'6""",250,0.00,"Arrlington Heights, IL",Unevaluated,2008,OL,St. Viator,"<img src=""http://vmedia.rivals.com/IMAGES/PROSPECT/PHOTO/EMMETTCLEARY8_1150.JPG"">",73
Boston College,20,Alexander DiSanzo,5.5,Unranked,"6'2""",214,4.60,"Ramsay, NJ",Unevaluated,2008,LB,Don Bosco Prep,"<img src=""http://l.yimg.com/a/p/sp/r/a1/a18e27800f890a83d0f7b1990008cc59/alexanderdisanzo.jpg"">",65
Boston College,Unranked,Donte Elliott,5.4,Unranked,"6'1""",180,0.00,"Houston, TX",Unevaluated,2008,ATH,Alief Taylor,"<img src=""http://vmedia.rivals.com/IMAGES/PROSPECT/PHOTO/DONTEELLIOTT4_30150.JPG"">",Unranked
Boston College,33,Donnie Fletcher,5.6,Unranked,"6'0""",169,4.50,"Cleveland, OH",Unevaluated,2008,DB,Glenville Academic Campus,"<img src=""http://l.yimg.com/a/p/sp/r/b2/b2c7484a5d9ffc702df8010b0c3b3589/donniefletcher.jpg"">",45
Boston College,30,Mike Goodman,5.8,Unranked,"6'5""",270,5.20,"Miami, FL",Unevaluated,2008,OL,Columbus,"<img src=""http://vmedia.rivals.com/IMAGES/PROSPECT/PHOTO/MIKEGOODMAN6_15150.JPG"">",22
Boston College,2,Josh Haden,5.9,Unranked,"5'8""",191,4.41,"Fort Washington, MD",Unevaluated,2008,RB,Friendly,"<img src=""http://vmedia.rivals.com/IMAGES/Camper/PHOTO/JOSHUAHADENNIKE150.JPG"">",3
Boston College,2,Nick Halloran,5.7,Unranked,"6'6""",260,5.10,"Cambridge, MA",Unevaluated,2008,DE,Buckingham Browne &amp; Nichols,"<img src=""http://vmedia.rivals.com/IMAGES/PROSPECT/PHOTO/NICKHALLORAN4_27150.JPG"">",22
Boston College,Unranked,Montel Harris,5.3,Unranked,"5'8""",195,0.00,"Jacksonville, FL",Unevaluated,2008,RB,Trinity Christian,"<img src=""http://l.yimg.com/a/p/sp/r/47/47e1157c06d0ad0807467f375f060de0/montelharris.jpg"">",Unranked
Boston College,29,Chris Hayden-Martin,5.5,Unranked,"6'1""",190,4.41,"Greensburg, PA",Unevaluated,2008,DB,Greensburg Central Catholic,"<img src=""http://vmedia.rivals.com/IMAGES/PROSPECT/PHOTO/CHRISHAYDENMARTIN7_11150.JPG"">",51
Boston College,Unranked,Max Holloway,5.5,Unranked,"6'3""",240,4.60,"Tampa, FL",Unevaluated,2008,DE,Jefferson,,Unranked
Boston College,Unranked,Reggie Jackson,0.0,Unranked,"6'3""",185,0.00,"Colorado Springs, CO",Unevaluated,2008,,Palmer High School,,Unranked
Boston College,1,Isaac Johnson,5.7,Unranked,"5'11""",185,0.00,"Everett, MA",Unevaluated,2008,RB,Everett,,23
Boston College,5,Jerry Kelly,5.4,Unranked,"6'1""",225,4.38,"Fairmont, WV",Unevaluated,2008,RB,Fairmont Senior,,Unranked
Boston College,26,Christian Klein,5.4,Unranked,"6'3""",235,4.85,"Montvale, NJ",Unevaluated,2008,DE,St. Joseph's,"<img src=""http://vmedia.rivals.com/IMAGES/PROSPECT/PHOTO/CHRISTIANKLEINECC150.JPG"">",Unranked
Boston College,7,Colin Larmond,5.7,Unranked,"6'2""",185,4.41,"Morristown, NJ",Unevaluated,2008,WR,Morristown Beard School,"<img src=""http://vmedia.rivals.com/IMAGES/PROSPECT/PHOTO/COLINLARMONDECC150.JPG"">",62
Boston College,96,Clyde Lee,5.6,Unranked,"5'11""",170,0.00,"Fort Bend, TX",Unevaluated,2008,WR,Hightower,"<img src=""http://vmedia.rivals.com/IMAGES/PROSPECT/PHOTO/CLYDELEE12_21150.JPG"">",77
Boston College,8,Dominick LeGrande,5.4,Unranked,"6'1""",192,4.50,"Staten Island, NY",Unevaluated,2008,ATH,Curtis,"<img src=""http://l.yimg.com/a/p/sp/r/68/68791a45e1792ae2311d8df1bd105d4c/dominicklegrande.jpg"">",Unranked
Boston College,18,Bryan Murray,5.4,Unranked,"6'1""",288,0.00,"Wheaton, MD",Unevaluated,2008,DT,Good Counsel,"<img src=""http://l.yimg.com/a/p/sp/r/f3/f357ed218725a59d0886e3c438c08856/bryanmurray.jpg"">",Unranked
Boston College,16,Patrick Neumann,5.7,Unranked,"6'6""",260,5.10,"Montvale, NJ",Unevaluated,2008,OL,St. Joseph's,"<img src=""http://vmedia.rivals.com/IMAGES/PROSPECT/PHOTO/PATRICKNEUMANNECC150.JPG"">",48
Boston College,6,Okechuckwu Okoroha,5.8,Unranked,"6'0""",183,4.70,"Greenbelt, MD",Unevaluated,2008,DB,Eleanor Roosevelt,"<img src=""http://l.yimg.com/a/p/sp/r/3c/3c645cd97ec1d50ad3aad0993b8caddd/okechuckwuokoroha.jpg"">",17
Boston College,67,Ugo Okpara,5.7,Unranked,"6'1""",175,4.48,"Sugar Land, TX",Unevaluated,2008,DB,Dulles,"<img src=""http://vmedia.rivals.com/IMAGES/PROSPECT/PHOTO/UGOOKPARA6_4150.JPG"">",32
Boston College,10,Chris Pantale,5.7,Unranked,"6'6""",230,4.70,"Wayne, NJ",Unevaluated,2008,TE,Valley,"<img src=""http://l.yimg.com/a/p/sp/r/f6/f69bcf73213776a47c4b30846085e676/chrispantale.jpg"">",20
Boston College,Unranked,Ryan Quigley,5.3,Unranked,"6'3""",175,0.00,"Little River, SC",Unevaluated,2008,K,North Myrtle Beach,,Unranked
Boston College,24,Kaleb Ramsey,5.6,Unranked,"6'4""",257,4.70,"Uniontown, PA",Unevaluated,2008,DE,Laurel Highlands,"<img src=""http://vmedia.rivals.com/IMAGES/PROSPECT/PHOTO/KALEBRAMSEY4_18150.JPG"">",29
Boston College,30,Eric Reynolds,5.5,Unranked,"5'10""",192,4.45,"Warrington, PA",Unevaluated,2008,RB,Central Bucks Hs-south,"<img src=""http://l.yimg.com/a/p/sp/r/5f/5fcc7a7abd348c0c41a7aa5fe359858d/ericreynolds.jpg"">",Unranked
Boston College,3,Mike Stone,5.4,Unranked,"6'6""",230,4.70,"Holliston, MA",Unevaluated,2008,TE,Holliston,,Unranked
Boston College,Unranked,Justin Tuggle,5.5,Unranked,"6'3""",205,4.60,"Duluth, GA",Unevaluated,2008,QB,Northview,"<img src=""http://l.yimg.com/a/p/sp/r/60/60136080bf768c615617280e3e841860/justintuggle.jpg"">",Unranked
